SHA,Date
"9f2c03dc52464a346c893a9f317797a58b2e764d","2025-09-13"
"20fb5c54fad5b4660408820bf287bb67516d7874","2025-09-13"
"6fce7d1bd735bb5078ed23141942b423845c070d","2025-09-13"
"ad0afe62f62ba3e09227fff8354215680e3668f7","2025-09-13"
"1e447134a187bdb13f0e9a304a946ab3402abf32","2025-09-13"
"1677442121a7f2f11f2df5747c65f7b8a6c45b75","2025-09-13"
"404928edba7d615f3e6b00da6e8ce35a37cc4fb8","2025-09-13"
"cfda8a79519a2b4432bfc2d8556e5f772650b423","2025-09-13"
"6a3810f4b9c7a819779e2dd36405ec05f8b43b2d","2025-09-13"
"0fc45770dd265730eb49d2193745a442c72ea9a9","2025-09-13"
"fec95d82b87da9d473f4f716870ac7a19dffd6a7","2025-09-13"
"f1ead2f50cc50eabeb8fce51d6405f54f80eb735","2025-09-13"
"22db1d6841d03d37b4de2db994a9a27c8f5bce13","2025-09-13"
"7704e490e0f3c543c8a56e351c6ab8069d42114e","2025-09-13"
"765741b1408fca900ffdb67afbd4976fdceab66b","2025-09-13"
"bad19ea1355902a7545e76ab3c3ce999d32d17b7","2025-09-13"
"16684abb9991c3633d620811f40c43858f949184","2025-09-13"
"4d4ff3115b8975a09cd117ab059714f81947e154","2025-09-12"
"242750c176a1749d1916858901545ed8ebdbee64","2025-09-12"
"03bb90df1ed694f41d6d4ae8bb8e1082de8e6df4","2025-09-12"
"f7b35f5ec5f2862b62206687e8605067222e4d3f","2025-09-12"
"8d5c6b0bd2af68e4e6dd4a41c14eefabc4ac5e5e","2025-09-12"
"2655fa8bd1ca136dfc929e5602850e198247f464","2025-09-12"
"9f707da5d5d6ba5cc0c502d12c70fc799fb311ca","2025-09-12"
"58ccbecf9e61736e06c166f81c5c90ad1793f80d","2025-09-12"
"933db3581c26319b763bf6e9faf5e5f3b53f2eae","2025-09-09"
"0899e004b6bfd6541fc0049beed5e4e4138f43f4","2025-09-09"
